run_id,elapsed_seconds,base_displacement_counts,goal_displacement_counts,neural_command,drive
R1,0.0,0,0,False,-1.0
R1,0.04028725624084473,0,0,False,-1.0
R1,0.14529919624328613,0,2,True,-1.0
R1,0.24877119064331055,0,4,True,-1.0
R1,0.35335803031921387,0,6,True,-1.0
R1,0.45732927322387695,0,8,True,-1.0
R1,0.5613753795623779,3,10,True,-1.0
R1,0.6678421497344971,5,12,True,-1.0
R1,0.7692971229553223,5,14,True,-1.0
R1,0.8694043159484863,9,16,True,-1.0
R1,0.9760260581970215,10,18,True,-1.0
R1,1.0893621444702148,12,20,True,-1.0
R1,1.1824440956115723,14,22,True,-1.0
R1,1.286992073059082,16,24,True,-1.0
R1,1.3950042724609375,17,26,True,-1.0
R1,1.5009961128234863,21,28,True,-1.0
R1,1.6045942306518555,22,30,True,-1.0
R1,1.711348295211792,25,32,True,-1.0
R1,1.8137202262878418,27,34,True,-1.0
R1,1.9161510467529297,28,36,True,-1.0
R1,2.0205280780792236,30,38,True,-1.0
R1,2.129563093185425,30,40,True,-1.0
R1,2.2254602909088135,35,42,True,-1.0
R1,2.3256173133850098,35,44,True,-1.0
R1,2.4280052185058594,39,46,True,-1.0
R1,2.533050060272217,40,48,True,-1.0
R1,2.6329431533813477,40,50,True,-1.0
R1,2.73738694190979,41,52,True,-1.0
R1,2.8443732261657715,43,54,True,-1.0
R1,2.9460721015930176,48,56,True,-1.0
R1,3.050034284591675,50,58,True,-1.0
R1,3.1631133556365967,52,60,True,-1.0
R1,3.259406089782715,53,62,True,-1.0
R1,3.3640291690826416,54,64,True,-1.0
R1,3.469759225845337,58,66,True,-1.0
R1,3.573333263397217,59,68,True,-1.0
R1,3.6793432235717773,59,70,True,-1.0
R1,3.780050277709961,62,72,True,-1.0
R1,3.885108232498169,64,74,True,-1.0
R1,3.991100311279297,66,76,True,-1.0
R1,4.098101377487183,68,78,True,-1.0
R1,4.2125091552734375,70,80,True,-1.0
R1,4.306424140930176,71,82,True,-1.0
R1,4.410279273986816,74,84,True,-1.0
R1,4.513406276702881,76,86,True,-1.0
R1,4.618804216384888,78,88,True,-1.0
R1,4.723905086517334,82,90,True,-1.0
R1,4.828667163848877,83,92,True,-1.0
R1,4.934081077575684,84,94,True,-1.0
R1,5.037793159484863,88,96,True,-1.0
R1,5.139408111572266,89,98,True,-1.0
R1,5.252931118011475,91,100,True,-1.0
R1,5.34982705116272,94,102,True,-1.0
R1,5.454209089279175,95,104,True,-1.0
R1,5.555790185928345,98,106,True,-1.0
R1,5.6609461307525635,99,108,True,-1.0
R1,5.767604351043701,102,110,True,-1.0
R1,5.871679306030273,104,112,True,-1.0
R1,5.974897146224976,105,114,True,-1.0
R1,6.079682111740112,107,116,True,-1.0
R1,6.185685396194458,110,118,True,-1.0
R1,6.301148176193237,112,120,True,-1.0
R1,6.394503116607666,113,122,True,-1.0
R1,6.500555038452148,113,124,True,-1.0
R1,6.605520248413086,118,126,True,-1.0
R1,6.707257032394409,119,128,True,-1.0
R1,6.813701152801514,123,130,True,-1.0
R1,6.919361114501953,124,132,True,-1.0
R1,7.024146318435669,125,134,True,-1.0
R1,7.125119209289551,128,136,True,-1.0
R1,7.227482080459595,129,138,True,-1.0
R1,7.339114189147949,131,140,True,-1.0
R1,7.432405948638916,133,142,True,-1.0
R1,7.537826061248779,136,144,True,-1.0
R1,7.64217209815979,137,146,True,-1.0
R1,7.74486517906189,137,148,True,-1.0
R1,7.846866130828857,140,150,True,-1.0
R1,7.953844308853149,144,152,True,-1.0
R1,8.053420066833496,146,154,True,-1.0
R1,8.159171104431152,147,156,True,-1.0
R1,8.262126207351685,149,158,True,-1.0
R1,8.378372192382812,151,160,True,-1.0
R1,8.472697019577026,153,162,True,-1.0
R1,8.57577109336853,154,164,True,-1.0
R1,8.681152105331421,156,166,True,-1.0
R1,8.7871732711792,159,168,True,-1.0
R1,8.888720273971558,160,170,True,-1.0
R1,8.991991996765137,160,170,False,-1.0
R1,9.098263025283813,160,170,False,-1.0
R1,9.20238995552063,160,170,False,-1.0
R1,9.307699203491211,160,170,False,-1.0
R1,9.417206048965454,160,170,False,-1.0
R1,9.512303113937378,160,170,False,-1.0
R1,9.618460178375244,160,170,False,-1.0
R1,9.722363233566284,160,170,False,-1.0
R1,9.826131343841553,160,170,False,-1.0
R1,9.929907321929932,160,170,False,-1.0
R1,10.034719228744507,160,170,False,-1.0
R1,10.140953063964844,160,170,False,-1.0
R1,10.245228052139282,160,170,False,-1.0
R1,10.345288276672363,160,170,False,-1.0
R1,10.457581043243408,160,170,False,-1.0
R1,10.551131248474121,160,170,False,-1.0
R1,10.654783964157104,160,170,False,-1.0
R1,10.759351015090942,160,170,False,-1.0
R1,10.865224123001099,160,170,False,-1.0
R1,10.967190027236938,160,170,False,-1.0
R1,11.075119256973267,160,170,False,-1.0
R1,11.176266193389893,160,170,False,-1.0
R1,11.282777070999146,160,170,False,-1.0
R1,11.387262344360352,160,170,False,-1.0
R1,11.49955415725708,160,170,False,-1.0
R1,11.594520092010498,160,170,False,-1.0
R1,11.699429273605347,160,170,False,-1.0
R1,11.801821231842041,160,170,False,-1.0
R1,11.903053045272827,160,170,False,-1.0
R1,12.007060289382935,160,170,False,-1.0
R1,12.11367130279541,160,170,False,-1.0
R1,12.213266134262085,160,170,False,-1.0
R1,12.318263053894043,160,170,False,-1.0
R1,12.420486211776733,160,170,False,-1.0
R1,12.536506175994873,160,170,False,-1.0
R1,12.63162636756897,160,170,False,-1.0
R1,12.731590270996094,160,170,False,-1.0
R1,12.835628032684326,160,170,False,-1.0
R1,12.941225290298462,160,170,False,-1.0
R1,13.044974088668823,160,170,False,-1.0
R1,13.144228219985962,160,170,False,-1.0
R1,13.250173330307007,160,170,False,-1.0
R1,13.353846073150635,160,170,False,-1.0
R1,13.458666324615479,160,170,False,-1.0
R1,13.57197904586792,160,170,False,-1.0
R1,13.666804313659668,160,170,False,-1.0
R1,13.773994207382202,160,170,False,-1.0
R1,13.878994226455688,160,170,False,-1.0
R1,13.983798027038574,160,170,False,-1.0
R1,14.08385419845581,160,170,False,-1.0
R1,14.189985990524292,160,170,False,-1.0
R1,14.29281210899353,160,170,False,-1.0
R1,14.398483276367188,160,170,False,-1.0
R1,14.504438161849976,160,170,False,-1.0
R1,14.616316318511963,160,170,False,-1.0
R1,14.709441184997559,160,170,False,-1.0
R1,14.816021203994751,160,170,False,-1.0
R1,14.919685125350952,160,170,False,-1.0
R1,15.021027088165283,160,170,False,-1.0
R1,15.128456354141235,160,170,False,-1.0
R1,15.233676195144653,160,170,False,-1.0
R1,15.335331201553345,160,170,False,-1.0
R1,15.436757326126099,160,170,False,-1.0
R1,15.540005207061768,160,170,False,-1.0
R1,15.655299186706543,160,170,False,-1.0
R1,15.744070291519165,160,170,False,-1.0
R1,15.85071611404419,160,170,False,-1.0
R1,15.954328060150146,160,170,False,-1.0
R1,16.056159257888794,160,170,False,-1.0
R1,16.160475254058838,160,170,False,-1.0
R2,0.0,0,0,False,-1.0
R2,0.0448603630065918,0,0,False,-1.0
R2,0.1521742343902588,0,2,True,-1.0
R2,0.25531816482543945,0,4,True,-1.0
R2,0.36028504371643066,0,6,True,-1.0
R2,0.4633040428161621,0,8,True,-1.0
R3,0.0,0,0,False,-1.0
R3,0.04046225547790527,0,0,False,-1.0
R3,0.14722800254821777,0,2,True,-1.0
R3,0.25320005416870117,0,4,True,-1.0
R3,0.35547900199890137,0,6,True,-1.0
R3,0.45920395851135254,0,8,True,-1.0
R3,0.5636270046234131,0,10,True,-1.0
R3,0.664398193359375,0,12,True,-1.0
R3,0.7696781158447266,2,14,True,-1.0
R3,0.8738079071044922,6,16,True,-1.0
R3,0.9776301383972168,8,18,True,-1.0
R3,1.09254789352417,10,20,True,-1.0
R3,1.183919906616211,11,22,True,-1.0
R3,1.2886779308319092,14,24,True,-1.0
R3,1.3880970478057861,17,26,True,-1.0
R3,1.4938251972198486,17,28,True,-1.0
R3,1.599203109741211,22,30,True,-1.0
R3,1.7033469676971436,24,32,True,-1.0
R3,1.807448148727417,25,34,True,-1.0
R3,1.9111182689666748,28,36,True,-1.0
R3,2.0160069465637207,30,38,True,-1.0
R3,2.1300530433654785,31,40,True,-1.0
R3,2.220003128051758,33,42,True,-1.0
R3,2.3241710662841797,36,44,True,-1.0
R3,2.4281389713287354,38,46,True,-1.0
R3,2.532153844833374,40,48,True,-1.0
R3,2.634748935699463,41,50,True,-1.0
R3,2.739732027053833,44,52,True,-1.0
R3,2.8445799350738525,46,54,True,-1.0
R3,2.9478721618652344,48,56,True,-1.0
R3,3.0550711154937744,49,58,True,-1.0
R3,3.167185068130493,52,60,True,-1.0
R3,3.2575221061706543,54,62,True,-1.0
R3,3.360236167907715,57,64,True,-1.0
R3,3.462013006210327,58,66,True,-1.0
R3,3.5697691440582275,59,68,True,-1.0
R3,3.671020030975342,62,70,True,-1.0
R3,3.773500919342041,64,72,True,-1.0
R3,3.8767571449279785,65,74,True,-1.0
R3,3.982091188430786,67,76,True,-1.0
R3,4.086884021759033,70,78,True,-1.0
R3,4.1990978717803955,72,80,True,-1.0
R3,4.293200969696045,73,82,True,-1.0
R3,4.396890878677368,75,84,True,-1.0
R3,4.5019872188568115,77,86,True,-1.0
R3,4.605226039886475,79,88,True,-1.0
R3,4.706762075424194,81,90,True,-1.0
R3,4.809125900268555,83,92,True,-1.0
R3,4.915210008621216,84,94,True,-1.0
R3,5.016510009765625,87,96,True,-1.0
R3,5.115428924560547,89,98,True,-1.0
R3,5.22956395149231,91,100,True,-1.0
R3,5.318798065185547,93,102,True,-1.0
R3,5.419414043426514,94,104,True,-1.0
R3,5.52273416519165,95,106,True,-1.0
R3,5.628129005432129,98,108,True,-1.0
R3,5.734046936035156,100,110,True,-1.0
R3,5.839138031005859,102,112,True,-1.0
R3,5.941045045852661,103,114,True,-1.0
R3,6.045591115951538,106,116,True,-1.0
R3,6.150147199630737,107,118,True,-1.0
R3,6.2647950649261475,109,120,True,-1.0
R3,6.356981992721558,113,122,True,-1.0
R3,6.462054967880249,114,124,True,-1.0
R3,6.568674087524414,117,126,True,-1.0
R3,6.670440912246704,119,128,True,-1.0
R3,6.773308992385864,122,130,True,-1.0
R3,6.878230094909668,124,132,True,-1.0
R3,6.983397960662842,125,134,True,-1.0
R3,7.086617946624756,126,136,True,-1.0
R3,7.188955068588257,129,138,True,-1.0
R3,7.2995500564575195,132,140,True,-1.0
R3,7.395539045333862,135,142,True,-1.0
R3,7.500848054885864,136,144,True,-1.0
R3,7.605572938919067,137,146,True,-1.0
R3,7.708632230758667,140,148,True,-1.0
R3,7.813766956329346,142,150,True,-1.0
R3,7.92066216468811,143,152,True,-1.0
R3,8.02203917503357,145,154,True,-1.0
R3,8.122983932495117,149,156,True,-1.0
R3,8.22831392288208,149,158,True,-1.0
R3,8.342857122421265,152,160,True,-1.0
R3,8.437291145324707,154,162,True,-1.0
R3,8.542825937271118,154,164,True,-1.0
R3,8.643990993499756,157,166,True,-1.0
R3,8.74725890159607,160,168,True,-1.0
R3,8.848196029663086,161,170,True,-1.0
R3,8.953848123550415,162,170,False,-1.0
R3,9.05530309677124,165,170,False,-1.0
R3,9.160045146942139,165,170,False,-1.0
R3,9.26686406135559,165,170,False,-1.0
R3,9.376500129699707,165,170,False,-1.0
R3,9.46641993522644,165,170,False,-1.0
R3,9.573689937591553,165,170,False,-1.0
R3,9.679615020751953,165,170,False,-1.0
R3,9.781110048294067,165,170,False,-1.0
R3,9.881711959838867,165,170,False,-1.0
R3,9.989652156829834,165,170,False,-1.0
R3,10.092576026916504,165,170,False,-1.0
R3,10.198830842971802,165,170,False,-1.0
R3,10.300310134887695,165,170,False,-1.0
R3,10.413902044296265,165,170,False,-1.0
R3,10.507865190505981,165,170,False,-1.0
R3,10.614060163497925,165,170,False,-1.0
R3,10.71843409538269,165,170,False,-1.0
R3,10.821827173233032,165,170,False,-1.0
R3,10.926929950714111,165,170,False,-1.0
R3,11.030898094177246,165,170,False,-1.0
R3,11.13604211807251,165,170,False,-1.0
R3,11.239598035812378,165,170,False,-1.0
R3,11.339684009552002,165,170,False,-1.0
R3,11.456311225891113,165,170,False,-1.0
R3,11.549318075180054,165,170,False,-1.0
R3,11.654901027679443,165,170,False,-1.0
R3,11.758804082870483,165,170,False,-1.0
R3,11.866326093673706,165,170,False,-1.0
R3,11.970479011535645,165,170,False,-1.0
R3,12.070628881454468,165,170,False,-1.0
R3,12.170917987823486,165,170,False,-1.0
R3,12.27686095237732,165,170,False,-1.0
R3,12.384077072143555,165,170,False,-1.0
R3,12.494930028915405,165,170,False,-1.0
R3,12.589215993881226,165,170,False,-1.0
R3,12.69607400894165,165,170,False,-1.0
R3,12.803422927856445,165,170,False,-1.0
R3,12.903090953826904,165,170,False,-1.0
R3,13.004674196243286,165,170,False,-1.0
R3,13.109496116638184,165,170,False,-1.0
R3,13.214972019195557,165,170,False,-1.0
R3,13.321781158447266,165,170,False,-1.0
R3,13.425750017166138,165,170,False,-1.0
R3,13.537973165512085,165,170,False,-1.0
R3,13.631475925445557,165,170,False,-1.0
R3,13.732824087142944,165,170,False,-1.0
R4,0.0,0,0,False,-1.0
R4,0.04677891731262207,0,0,False,-1.0
R4,0.15266990661621094,0,2,True,-1.0
R4,0.25380468368530273,0,4,True,-1.0
R4,0.3569178581237793,0,6,True,-1.0
R4,0.4635467529296875,0,8,True,-1.0
R4,0.5709567070007324,0,10,True,-1.0
R4,0.6722497940063477,3,12,True,-1.0
R4,0.7767429351806641,6,14,True,-1.0
R4,0.8839547634124756,7,16,True,-1.0
R4,0.9890539646148682,9,18,True,-1.0
R4,1.1010088920593262,12,20,True,-1.0
R4,1.1931567192077637,12,22,True,-1.0
R4,1.3011529445648193,14,24,True,-1.0
R4,1.40333890914917,17,26,True,-1.0
R4,1.5054316520690918,20,28,True,-1.0
R4,1.6114428043365479,21,30,True,-1.0
R4,1.713683843612671,24,32,True,-1.0
R4,1.816464900970459,24,34,True,-1.0
R4,1.9197137355804443,26,36,True,-1.0
R4,2.02377986907959,28,38,True,-1.0
R4,2.1343507766723633,31,40,True,-1.0
R4,2.2313249111175537,32,42,True,-1.0
R4,2.3349578380584717,32,44,True,-1.0
R4,2.440495729446411,34,46,True,-1.0
R4,2.544346809387207,38,48,True,-1.0
R4,2.650704860687256,40,50,True,-1.0
R4,2.755107879638672,42,52,True,-1.0
R4,2.8594367504119873,43,54,True,-1.0
R4,2.9635818004608154,46,56,True,-1.0
R4,3.0720319747924805,49,58,True,-1.0
R4,3.1834938526153564,50,60,True,-1.0
R4,3.275493860244751,52,62,True,-1.0
