condition,seed,success,outcome,unsafe,steps,physics_warnings
state_trained,8000,True,success,False,336,0
state_trained,8001,True,success,False,302,0
state_trained,8002,True,success,False,336,0
state_trained,8003,True,success,False,319,0
state_trained,8004,True,success,False,366,0
state_trained,8005,True,success,False,276,0
state_trained,8006,False,timeout,False,600,0
state_trained,8007,True,success,False,315,0
state_trained,8008,True,success,False,454,0
state_trained,8009,True,success,False,304,0
state_trained,8010,True,success,False,300,0
state_trained,8011,True,success,False,295,0
state_trained,8012,True,success,False,470,0
state_trained,8013,True,success,False,311,0
state_trained,8014,True,success,False,394,0
state_trained,8015,True,success,False,347,0
state_trained,8016,True,success,False,298,0
state_trained,8017,True,success,False,303,0
state_trained,8018,True,success,False,373,0
state_trained,8019,True,success,False,334,0
state_trained,8020,True,success,False,301,0
state_trained,8021,True,success,False,424,0
state_trained,8022,True,success,False,322,0
state_trained,8023,True,success,False,316,0
state_trained,8024,True,success,False,305,0
state_trained,8025,True,success,False,336,0
state_trained,8026,False,timeout,False,600,0
state_trained,8027,True,success,False,335,0
state_trained,8028,True,success,False,322,0
state_trained,8029,True,success,False,302,0
state_trained,8030,True,success,False,300,0
state_trained,8031,True,success,False,358,0
state_trained,8032,True,success,False,315,0
state_trained,8033,True,success,False,326,0
state_trained,8034,True,success,False,308,0
state_trained,8035,True,success,False,325,0
state_trained,8036,True,success,False,316,0
state_trained,8037,True,success,False,302,0
state_trained,8038,True,success,False,319,0
state_trained,8039,True,success,False,297,0
state_trained,8040,True,success,False,395,0
state_trained,8041,True,success,False,296,0
state_trained,8042,False,timeout,False,600,0
state_trained,8043,True,success,False,316,0
state_trained,8044,True,success,False,312,0
state_trained,8045,True,success,False,309,0
state_trained,8046,True,success,False,307,0
state_trained,8047,True,success,False,308,0
state_trained,8048,True,success,False,326,0
state_trained,8049,True,success,False,291,0
state_trained,8050,True,success,False,358,0
state_trained,8051,True,success,False,320,0
state_trained,8052,True,success,False,315,0
state_trained,8053,False,timeout,False,600,0
state_trained,8054,True,success,False,345,0
state_trained,8055,True,success,False,327,0
state_trained,8056,True,success,False,331,0
state_trained,8057,True,success,False,297,0
state_trained,8058,True,success,False,318,0
state_trained,8059,True,success,False,307,0
state_trained,8060,True,success,False,312,0
state_trained,8061,False,timeout,False,600,0
state_trained,8062,True,success,False,292,0
state_trained,8063,True,success,False,314,0
state_trained,8064,False,timeout,False,600,0
state_trained,8065,True,success,False,302,0
state_trained,8066,True,success,False,339,0
state_trained,8067,True,success,False,307,0
state_trained,8068,True,success,False,303,0
state_trained,8069,True,success,False,312,0
state_trained,8070,True,success,False,296,0
state_trained,8071,True,success,False,299,0
state_trained,8072,True,success,False,318,0
state_trained,8073,True,success,False,322,0
state_trained,8074,True,success,False,354,0
state_trained,8075,True,success,False,310,0
state_trained,8076,True,success,False,547,0
state_trained,8077,True,success,False,294,0
state_trained,8078,True,success,False,294,0
state_trained,8079,True,success,False,371,0
state_trained,8080,True,success,False,337,0
state_trained,8081,True,success,False,319,0
state_trained,8082,True,success,False,305,0
state_trained,8083,True,success,False,322,0
state_trained,8084,True,success,False,320,0
state_trained,8085,True,success,False,312,0
state_trained,8086,True,success,False,307,0
state_trained,8087,True,success,False,326,0
state_trained,8088,True,success,False,370,0
state_trained,8089,True,success,False,331,0
state_trained,8090,True,success,False,313,0
state_trained,8091,True,success,False,502,0
state_trained,8092,True,success,False,330,0
state_trained,8093,True,success,False,313,0
state_trained,8094,True,success,False,326,0
state_trained,8095,True,success,False,378,0
state_trained,8096,True,success,False,296,0
state_trained,8097,True,success,False,301,0
state_trained,8098,True,success,False,312,0
state_trained,8099,True,success,False,416,0
state_untrained,8000,False,timeout,False,600,0
state_untrained,8001,False,timeout,False,600,0
state_untrained,8002,False,timeout,False,600,0
state_untrained,8003,False,timeout,False,600,0
state_untrained,8004,False,timeout,False,600,0
state_untrained,8005,False,timeout,False,600,0
state_untrained,8006,False,timeout,False,600,0
state_untrained,8007,False,timeout,False,600,0
state_untrained,8008,False,timeout,False,600,0
state_untrained,8009,False,timeout,False,600,0
state_untrained,8010,False,timeout,False,600,0
state_untrained,8011,False,timeout,False,600,0
state_untrained,8012,False,timeout,False,600,0
state_untrained,8013,False,timeout,False,600,0
state_untrained,8014,False,timeout,False,600,0
state_untrained,8015,False,timeout,False,600,0
state_untrained,8016,False,timeout,False,600,0
state_untrained,8017,False,timeout,False,600,0
state_untrained,8018,False,timeout,False,600,0
state_untrained,8019,False,timeout,False,600,0
state_untrained,8020,False,timeout,False,600,0
state_untrained,8021,False,timeout,False,600,0
state_untrained,8022,False,timeout,False,600,0
state_untrained,8023,False,timeout,False,600,0
state_untrained,8024,False,timeout,False,600,0
state_untrained,8025,False,timeout,False,600,0
state_untrained,8026,False,timeout,False,600,0
state_untrained,8027,False,timeout,False,600,0
state_untrained,8028,False,timeout,False,600,0
state_untrained,8029,False,timeout,False,600,0
state_untrained,8030,False,timeout,False,600,0
state_untrained,8031,False,timeout,False,600,0
state_untrained,8032,False,timeout,False,600,0
state_untrained,8033,False,timeout,False,600,0
state_untrained,8034,False,timeout,False,600,0
state_untrained,8035,False,timeout,False,600,0
state_untrained,8036,False,timeout,False,600,0
state_untrained,8037,False,timeout,False,600,0
state_untrained,8038,False,timeout,False,600,0
state_untrained,8039,False,timeout,False,600,0
state_untrained,8040,False,timeout,False,600,0
state_untrained,8041,False,timeout,False,600,0
state_untrained,8042,False,timeout,False,600,0
state_untrained,8043,False,timeout,False,600,0
state_untrained,8044,False,timeout,False,600,0
state_untrained,8045,False,timeout,False,600,0
state_untrained,8046,False,timeout,False,600,0
state_untrained,8047,False,timeout,False,600,0
state_untrained,8048,False,timeout,False,600,0
state_untrained,8049,False,timeout,False,600,0
state_untrained,8050,False,timeout,False,600,0
state_untrained,8051,False,timeout,False,600,0
state_untrained,8052,False,timeout,False,600,0
state_untrained,8053,False,timeout,False,600,0
state_untrained,8054,False,timeout,False,600,0
state_untrained,8055,False,timeout,False,600,0
state_untrained,8056,False,timeout,False,600,0
state_untrained,8057,False,timeout,False,600,0
state_untrained,8058,False,timeout,False,600,0
state_untrained,8059,False,timeout,False,600,0
state_untrained,8060,False,timeout,False,600,0
state_untrained,8061,False,timeout,False,600,0
state_untrained,8062,False,timeout,False,600,0
state_untrained,8063,False,timeout,False,600,0
state_untrained,8064,False,timeout,False,600,0
state_untrained,8065,False,timeout,False,600,0
state_untrained,8066,False,timeout,False,600,0
state_untrained,8067,False,timeout,False,600,0
state_untrained,8068,False,timeout,False,600,0
state_untrained,8069,False,timeout,False,600,0
state_untrained,8070,False,timeout,False,600,0
state_untrained,8071,False,timeout,False,600,0
state_untrained,8072,False,timeout,False,600,0
state_untrained,8073,False,timeout,False,600,0
state_untrained,8074,False,timeout,False,600,0
state_untrained,8075,False,timeout,False,600,0
state_untrained,8076,False,timeout,False,600,0
state_untrained,8077,False,timeout,False,600,0
state_untrained,8078,False,timeout,False,600,0
state_untrained,8079,False,timeout,False,600,0
state_untrained,8080,False,timeout,False,600,0
state_untrained,8081,False,timeout,False,600,0
state_untrained,8082,False,timeout,False,600,0
state_untrained,8083,False,timeout,False,600,0
state_untrained,8084,False,timeout,False,600,0
state_untrained,8085,False,timeout,False,600,0
state_untrained,8086,False,timeout,False,600,0
state_untrained,8087,False,timeout,False,600,0
state_untrained,8088,False,timeout,False,600,0
state_untrained,8089,False,timeout,False,600,0
state_untrained,8090,False,timeout,False,600,0
state_untrained,8091,False,timeout,False,600,0
state_untrained,8092,False,timeout,False,600,0
state_untrained,8093,False,timeout,False,600,0
state_untrained,8094,False,timeout,False,600,0
state_untrained,8095,False,timeout,False,600,0
state_untrained,8096,False,timeout,False,600,0
state_untrained,8097,False,timeout,False,600,0
state_untrained,8098,False,timeout,False,600,0
state_untrained,8099,False,timeout,False,600,0
state_silenced,8000,False,timeout,False,600,0
state_silenced,8001,False,timeout,False,600,0
state_silenced,8002,False,timeout,False,600,0
state_silenced,8003,False,timeout,False,600,0
state_silenced,8004,False,timeout,False,600,0
state_silenced,8005,False,timeout,False,600,0
state_silenced,8006,False,timeout,False,600,0
state_silenced,8007,False,timeout,False,600,0
state_silenced,8008,False,timeout,False,600,0
state_silenced,8009,False,timeout,False,600,0
state_silenced,8010,False,timeout,False,600,0
state_silenced,8011,False,timeout,False,600,0
state_silenced,8012,False,timeout,False,600,0
state_silenced,8013,False,timeout,False,600,0
state_silenced,8014,False,timeout,False,600,0
state_silenced,8015,False,timeout,False,600,0
state_silenced,8016,False,timeout,False,600,0
state_silenced,8017,False,timeout,False,600,0
state_silenced,8018,False,timeout,False,600,0
state_silenced,8019,False,timeout,False,600,0
state_silenced,8020,False,timeout,False,600,0
state_silenced,8021,False,timeout,False,600,0
state_silenced,8022,False,timeout,False,600,0
state_silenced,8023,False,timeout,False,600,0
state_silenced,8024,False,timeout,False,600,0
state_silenced,8025,False,timeout,False,600,0
state_silenced,8026,False,timeout,False,600,0
state_silenced,8027,False,timeout,False,600,0
state_silenced,8028,False,timeout,False,600,0
state_silenced,8029,False,timeout,False,600,0
state_silenced,8030,False,timeout,False,600,0
state_silenced,8031,False,timeout,False,600,0
state_silenced,8032,False,timeout,False,600,0
state_silenced,8033,False,timeout,False,600,0
state_silenced,8034,False,timeout,False,600,0
state_silenced,8035,False,timeout,False,600,0
state_silenced,8036,False,timeout,False,600,0
state_silenced,8037,False,timeout,False,600,0
state_silenced,8038,False,timeout,False,600,0
state_silenced,8039,False,timeout,False,600,0
state_silenced,8040,False,timeout,False,600,0
state_silenced,8041,False,timeout,False,600,0
state_silenced,8042,False,timeout,False,600,0
state_silenced,8043,False,timeout,False,600,0
state_silenced,8044,False,timeout,False,600,0
state_silenced,8045,False,timeout,False,600,0
state_silenced,8046,False,timeout,False,600,0
state_silenced,8047,False,timeout,False,600,0
state_silenced,8048,False,timeout,False,600,0
state_silenced,8049,False,timeout,False,600,0
state_silenced,8050,False,timeout,False,600,0
state_silenced,8051,False,timeout,False,600,0
state_silenced,8052,False,timeout,False,600,0
state_silenced,8053,False,timeout,False,600,0
state_silenced,8054,False,timeout,False,600,0
state_silenced,8055,False,timeout,False,600,0
state_silenced,8056,False,timeout,False,600,0
state_silenced,8057,False,timeout,False,600,0
state_silenced,8058,False,timeout,False,600,0
state_silenced,8059,False,timeout,False,600,0
state_silenced,8060,False,timeout,False,600,0
state_silenced,8061,False,timeout,False,600,0
state_silenced,8062,False,timeout,False,600,0
state_silenced,8063,False,timeout,False,600,0
state_silenced,8064,False,timeout,False,600,0
state_silenced,8065,False,timeout,False,600,0
state_silenced,8066,False,timeout,False,600,0
state_silenced,8067,False,timeout,False,600,0
state_silenced,8068,False,timeout,False,600,0
state_silenced,8069,False,timeout,False,600,0
state_silenced,8070,False,timeout,False,600,0
state_silenced,8071,False,timeout,False,600,0
state_silenced,8072,False,timeout,False,600,0
state_silenced,8073,False,timeout,False,600,0
state_silenced,8074,False,timeout,False,600,0
state_silenced,8075,False,timeout,False,600,0
state_silenced,8076,False,timeout,False,600,0
state_silenced,8077,False,timeout,False,600,0
state_silenced,8078,False,timeout,False,600,0
state_silenced,8079,False,timeout,False,600,0
state_silenced,8080,False,timeout,False,600,0
state_silenced,8081,False,timeout,False,600,0
state_silenced,8082,False,timeout,False,600,0
state_silenced,8083,False,timeout,False,600,0
state_silenced,8084,False,timeout,False,600,0
state_silenced,8085,False,timeout,False,600,0
state_silenced,8086,False,timeout,False,600,0
state_silenced,8087,False,timeout,False,600,0
state_silenced,8088,False,timeout,False,600,0
state_silenced,8089,False,timeout,False,600,0
state_silenced,8090,False,timeout,False,600,0
state_silenced,8091,False,timeout,False,600,0
state_silenced,8092,False,timeout,False,600,0
state_silenced,8093,False,timeout,False,600,0
state_silenced,8094,False,timeout,False,600,0
state_silenced,8095,False,timeout,False,600,0
state_silenced,8096,False,timeout,False,600,0
state_silenced,8097,False,timeout,False,600,0
state_silenced,8098,False,timeout,False,600,0
state_silenced,8099,False,timeout,False,600,0
state_frozen_core,8000,False,timeout,False,600,0
state_frozen_core,8001,False,timeout,False,600,0
state_frozen_core,8002,False,timeout,False,600,0
state_frozen_core,8003,True,success,False,331,0
state_frozen_core,8004,False,timeout,False,600,0
state_frozen_core,8005,False,timeout,False,600,0
state_frozen_core,8006,False,timeout,False,600,0
state_frozen_core,8007,True,success,False,315,0
state_frozen_core,8008,False,timeout,False,600,0
state_frozen_core,8009,True,success,False,305,0
state_frozen_core,8010,False,timeout,False,600,0
state_frozen_core,8011,False,timeout,False,600,0
state_frozen_core,8012,True,success,False,588,0
state_frozen_core,8013,True,success,False,303,0
state_frozen_core,8014,False,timeout,False,600,0
state_frozen_core,8015,True,success,False,343,0
state_frozen_core,8016,False,timeout,False,600,0
state_frozen_core,8017,False,timeout,False,600,0
state_frozen_core,8018,True,success,False,419,0
state_frozen_core,8019,True,success,False,338,0
state_frozen_core,8020,False,timeout,False,600,0
state_frozen_core,8021,True,success,False,452,0
state_frozen_core,8022,True,success,False,309,0
state_frozen_core,8023,False,timeout,False,600,0
state_frozen_core,8024,False,timeout,False,600,0
state_frozen_core,8025,True,success,False,340,0
state_frozen_core,8026,False,timeout,False,600,0
state_frozen_core,8027,False,timeout,False,600,0
state_frozen_core,8028,True,success,False,313,0
state_frozen_core,8029,False,timeout,False,600,0
state_frozen_core,8030,True,success,False,323,0
state_frozen_core,8031,True,success,False,500,0
state_frozen_core,8032,True,success,False,311,0
state_frozen_core,8033,True,success,False,352,0
state_frozen_core,8034,True,success,False,300,0
state_frozen_core,8035,False,timeout,False,600,0
state_frozen_core,8036,True,success,False,317,0
state_frozen_core,8037,False,timeout,False,600,0
state_frozen_core,8038,False,timeout,False,600,0
state_frozen_core,8039,False,timeout,False,600,0
state_frozen_core,8040,False,timeout,False,600,0
state_frozen_core,8041,False,timeout,False,600,0
state_frozen_core,8042,True,success,False,295,0
state_frozen_core,8043,False,timeout,False,600,0
state_frozen_core,8044,True,success,False,317,0
state_frozen_core,8045,False,timeout,False,600,0
state_frozen_core,8046,True,success,False,315,0
state_frozen_core,8047,False,timeout,False,600,0
state_frozen_core,8048,False,timeout,False,600,0
state_frozen_core,8049,True,success,False,305,0
state_frozen_core,8050,True,success,False,331,0
state_frozen_core,8051,False,timeout,False,600,0
state_frozen_core,8052,True,success,False,315,0
state_frozen_core,8053,False,timeout,False,600,0
state_frozen_core,8054,True,success,False,392,0
state_frozen_core,8055,True,success,False,329,0
state_frozen_core,8056,False,timeout,False,600,0
state_frozen_core,8057,False,timeout,False,600,0
state_frozen_core,8058,False,timeout,False,600,0
state_frozen_core,8059,False,timeout,False,600,0
state_frozen_core,8060,False,timeout,False,600,0
state_frozen_core,8061,False,timeout,False,600,0
state_frozen_core,8062,False,timeout,False,600,0
state_frozen_core,8063,False,timeout,False,600,0
state_frozen_core,8064,False,timeout,False,600,0
state_frozen_core,8065,False,timeout,False,600,0
state_frozen_core,8066,True,success,False,304,0
state_frozen_core,8067,False,timeout,False,600,0
state_frozen_core,8068,False,timeout,False,600,0
state_frozen_core,8069,True,success,False,307,0
state_frozen_core,8070,False,timeout,False,600,0
state_frozen_core,8071,False,timeout,False,600,0
state_frozen_core,8072,True,success,False,310,0
state_frozen_core,8073,False,timeout,False,600,0
state_frozen_core,8074,True,success,False,408,0
state_frozen_core,8075,True,success,False,315,0
state_frozen_core,8076,False,timeout,False,600,0
state_frozen_core,8077,True,success,False,363,0
state_frozen_core,8078,False,timeout,False,600,0
state_frozen_core,8079,True,success,False,438,0
state_frozen_core,8080,False,timeout,False,600,0
state_frozen_core,8081,True,success,False,343,0
state_frozen_core,8082,False,timeout,False,600,0
state_frozen_core,8083,True,success,False,313,0
state_frozen_core,8084,False,timeout,False,600,0
state_frozen_core,8085,False,timeout,False,600,0
state_frozen_core,8086,False,timeout,False,600,0
state_frozen_core,8087,True,success,False,325,0
state_frozen_core,8088,False,timeout,False,600,0
state_frozen_core,8089,False,timeout,False,600,0
state_frozen_core,8090,False,timeout,False,600,0
state_frozen_core,8091,False,timeout,False,600,0
state_frozen_core,8092,False,timeout,False,600,0
state_frozen_core,8093,True,success,False,315,0
state_frozen_core,8094,False,timeout,False,600,0
state_frozen_core,8095,False,timeout,False,600,0
state_frozen_core,8096,False,timeout,False,600,0
state_frozen_core,8097,False,timeout,False,600,0
state_frozen_core,8098,False,timeout,False,600,0
state_frozen_core,8099,False,timeout,False,600,0
state_camera,8000,True,success,False,330,0
state_camera,8001,True,success,False,315,0
state_camera,8002,True,success,False,339,0
state_camera,8003,True,success,False,321,0
state_camera,8004,True,success,False,332,0
state_camera,8005,True,success,False,293,0
state_camera,8006,False,timeout,False,600,0
state_camera,8007,True,success,False,310,0
state_camera,8008,True,success,False,446,0
state_camera,8009,True,success,False,300,0
state_camera,8010,True,success,False,291,0
state_camera,8011,True,success,False,287,0
state_camera,8012,True,success,False,444,0
state_camera,8013,True,success,False,313,0
state_camera,8014,False,timeout,False,600,0
state_camera,8015,True,success,False,348,0
state_camera,8016,True,success,False,409,0
state_camera,8017,True,success,False,297,0
state_camera,8018,True,success,False,366,0
state_camera,8019,True,success,False,336,0
state_camera,8020,True,success,False,304,0
state_camera,8021,True,success,False,392,0
state_camera,8022,True,success,False,320,0
state_camera,8023,True,success,False,313,0
state_camera,8024,True,success,False,315,0
state_camera,8025,True,success,False,333,0
state_camera,8026,True,success,False,293,0
state_camera,8027,True,success,False,330,0
state_camera,8028,True,success,False,313,0
state_camera,8029,True,success,False,313,0
state_camera,8030,True,success,False,311,0
state_camera,8031,True,success,False,359,0
state_camera,8032,True,success,False,315,0
state_camera,8033,True,success,False,332,0
state_camera,8034,True,success,False,306,0
state_camera,8035,True,success,False,323,0
state_camera,8036,True,success,False,324,0
state_camera,8037,True,success,False,280,0
state_camera,8038,True,success,False,315,0
state_camera,8039,True,success,False,280,0
state_camera,8040,True,success,False,375,0
state_camera,8041,True,success,False,295,0
state_camera,8042,True,success,False,284,0
state_camera,8043,False,timeout,False,600,0
state_camera,8044,True,success,False,316,0
state_camera,8045,True,success,False,308,0
state_camera,8046,True,success,False,305,0
state_camera,8047,True,success,False,320,0
state_camera,8048,True,success,False,332,0
state_camera,8049,True,success,False,439,0
state_camera,8050,True,success,False,326,0
state_camera,8051,True,success,False,406,0
state_camera,8052,True,success,False,315,0
state_camera,8053,False,timeout,False,600,0
state_camera,8054,True,success,False,346,0
state_camera,8055,True,success,False,327,0
state_camera,8056,True,success,False,317,0
state_camera,8057,True,success,False,310,0
state_camera,8058,True,success,False,297,0
state_camera,8059,True,success,False,315,0
state_camera,8060,True,success,False,307,0
state_camera,8061,False,timeout,False,600,0
state_camera,8062,False,timeout,False,600,0
state_camera,8063,True,success,False,313,0
state_camera,8064,True,success,False,414,0
state_camera,8065,True,success,False,291,0
state_camera,8066,True,success,False,310,0
state_camera,8067,True,success,False,316,0
state_camera,8068,False,timeout,False,600,0
state_camera,8069,True,success,False,316,0
state_camera,8070,True,success,False,304,0
state_camera,8071,True,success,False,311,0
state_camera,8072,True,success,False,315,0
state_camera,8073,True,success,False,314,0
state_camera,8074,True,success,False,347,0
state_camera,8075,True,success,False,319,0
state_camera,8076,True,success,False,499,0
state_camera,8077,True,success,False,435,0
state_camera,8078,True,success,False,290,0
state_camera,8079,True,success,False,347,0
state_camera,8080,True,success,False,326,0
state_camera,8081,True,success,False,325,0
state_camera,8082,True,success,False,301,0
state_camera,8083,True,success,False,323,0
state_camera,8084,True,success,False,317,0
state_camera,8085,True,success,False,314,0
state_camera,8086,True,success,False,319,0
state_camera,8087,True,success,False,330,0
state_camera,8088,True,success,False,324,0
state_camera,8089,True,success,False,335,0
state_camera,8090,True,success,False,309,0
state_camera,8091,True,success,False,472,0
state_camera,8092,True,success,False,313,0
state_camera,8093,True,success,False,311,0
state_camera,8094,True,success,False,322,0
state_camera,8095,True,success,False,366,0
state_camera,8096,True,success,False,302,0
state_camera,8097,True,success,False,301,0
state_camera,8098,True,success,False,307,0
state_camera,8099,True,success,False,321,0
state_mlp,8000,True,success,False,328,0
state_mlp,8001,True,success,False,318,0
state_mlp,8002,False,timeout,False,600,0
state_mlp,8003,True,success,False,461,0
state_mlp,8004,True,success,False,307,0
state_mlp,8005,True,success,False,376,0
state_mlp,8006,False,timeout,False,600,0
state_mlp,8007,True,success,False,313,0
state_mlp,8008,False,timeout,False,600,0
state_mlp,8009,False,timeout,False,600,0
state_mlp,8010,True,success,False,286,0
state_mlp,8011,True,success,False,264,0
state_mlp,8012,True,success,False,373,0
state_mlp,8013,False,timeout,False,600,0
state_mlp,8014,True,success,False,312,0
state_mlp,8015,True,success,False,356,0
state_mlp,8016,False,timeout,False,600,0
state_mlp,8017,True,success,False,291,0
state_mlp,8018,True,success,False,479,0
state_mlp,8019,True,success,False,331,0
state_mlp,8020,False,timeout,False,600,0
state_mlp,8021,True,success,False,354,0
state_mlp,8022,True,success,False,414,0
state_mlp,8023,True,success,False,308,0
state_mlp,8024,False,timeout,False,600,0
state_mlp,8025,True,success,False,333,0
state_mlp,8026,False,timeout,False,600,0
state_mlp,8027,False,timeout,False,600,0
state_mlp,8028,True,success,False,319,0
state_mlp,8029,True,success,False,308,0
state_mlp,8030,True,success,False,310,0
state_mlp,8031,True,success,False,477,0
state_mlp,8032,False,timeout,False,600,0
state_mlp,8033,False,timeout,False,600,0
state_mlp,8034,True,success,False,439,0
state_mlp,8035,True,success,False,346,0
state_mlp,8036,False,timeout,False,600,0
state_mlp,8037,True,success,False,293,0
state_mlp,8038,False,timeout,False,600,0
state_mlp,8039,True,success,False,295,0
state_mlp,8040,False,timeout,False,600,0
state_mlp,8041,False,timeout,False,600,0
state_mlp,8042,False,timeout,False,600,0
state_mlp,8043,False,timeout,False,600,0
state_mlp,8044,True,success,False,313,0
state_mlp,8045,False,timeout,False,600,0
state_mlp,8046,True,success,False,461,0
state_mlp,8047,True,success,False,323,0
state_mlp,8048,True,success,False,429,0
state_mlp,8049,False,timeout,False,600,0
state_mlp,8050,True,success,False,336,0
state_mlp,8051,True,success,False,519,0
state_mlp,8052,False,timeout,False,600,0
state_mlp,8053,False,timeout,False,600,0
state_mlp,8054,True,success,False,344,0
state_mlp,8055,True,success,False,323,0
state_mlp,8056,True,success,False,352,0
state_mlp,8057,True,success,False,307,0
state_mlp,8058,False,timeout,False,600,0
state_mlp,8059,True,success,False,431,0
state_mlp,8060,False,timeout,False,600,0
state_mlp,8061,True,success,False,307,0
state_mlp,8062,False,timeout,False,600,0
state_mlp,8063,False,timeout,False,600,0
state_mlp,8064,True,success,False,341,0
state_mlp,8065,True,success,False,412,0
state_mlp,8066,True,success,False,316,0
state_mlp,8067,True,success,False,406,0
state_mlp,8068,False,timeout,False,600,0
state_mlp,8069,False,timeout,False,600,0
state_mlp,8070,False,timeout,False,600,0
state_mlp,8071,True,success,False,311,0
state_mlp,8072,True,success,False,317,0
state_mlp,8073,True,success,False,316,0
state_mlp,8074,False,timeout,False,600,0
state_mlp,8075,False,timeout,False,600,0
state_mlp,8076,True,success,False,543,0
state_mlp,8077,True,success,False,314,0
state_mlp,8078,True,success,False,280,0
state_mlp,8079,True,success,False,539,0
state_mlp,8080,True,success,False,327,0
state_mlp,8081,True,success,False,338,0
state_mlp,8082,False,timeout,False,600,0
state_mlp,8083,True,success,False,325,0
state_mlp,8084,False,timeout,False,600,0
state_mlp,8085,True,success,False,423,0
state_mlp,8086,True,success,False,316,0
state_mlp,8087,True,success,False,412,0
state_mlp,8088,True,success,False,330,0
state_mlp,8089,True,success,False,371,0
state_mlp,8090,False,timeout,False,600,0
state_mlp,8091,True,success,False,445,0
state_mlp,8092,False,timeout,False,600,0
state_mlp,8093,True,success,False,306,0
state_mlp,8094,True,success,False,348,0
state_mlp,8095,False,timeout,False,600,0
state_mlp,8096,True,success,False,275,0
state_mlp,8097,False,timeout,False,600,0
state_mlp,8098,False,timeout,False,600,0
state_mlp,8099,True,success,False,282,0
wrist_trained,28000,True,success,False,304,0
wrist_trained,28001,True,success,False,332,0
wrist_trained,28002,True,success,False,299,0
wrist_trained,28003,True,success,False,323,0
wrist_trained,28004,True,success,False,315,0
wrist_trained,28005,True,success,False,416,0
wrist_trained,28006,True,success,False,301,0
wrist_trained,28007,False,retry_exhausted,False,721,0
wrist_trained,28008,True,success,False,303,0
wrist_trained,28009,True,success,False,306,0
wrist_trained,28010,False,retry_exhausted,False,721,0
wrist_trained,28011,True,success,False,321,0
wrist_trained,28012,True,success,False,319,0
wrist_trained,28013,True,success,False,340,0
wrist_trained,28014,True,success,False,300,0
wrist_trained,28015,True,success,False,312,0
wrist_trained,28016,True,success,False,321,0
wrist_trained,28017,True,success,False,327,0
wrist_trained,28018,True,success,False,332,0
wrist_trained,28019,True,success,False,294,0
wrist_trained,28020,True,success,False,312,0
wrist_trained,28021,True,success,False,293,0
wrist_trained,28022,True,success,False,330,0
wrist_trained,28023,True,success,False,320,0
wrist_trained,28024,True,success,False,340,0
wrist_trained,28025,True,success,False,324,0
wrist_trained,28026,True,success,False,293,0
wrist_trained,28027,True,success,False,328,0
wrist_trained,28028,True,success,False,318,0
wrist_trained,28029,True,success,False,311,0
wrist_trained,28030,True,success,False,330,0
wrist_trained,28031,True,success,False,326,0
wrist_trained,28032,True,success,False,303,0
wrist_trained,28033,True,success,False,275,0
wrist_trained,28034,True,success,False,343,0
wrist_trained,28035,True,success,False,305,0
wrist_trained,28036,True,success,False,349,0
wrist_trained,28037,True,success,False,305,0
wrist_trained,28038,True,success,False,331,0
wrist_trained,28039,True,success,False,317,0
wrist_release_after_lift,28040,True,success,False,457,0
wrist_release_after_lift,28041,True,success,False,450,0
wrist_release_after_lift,28042,True,success,False,467,0
wrist_release_after_lift,28043,True,success,False,467,0
wrist_release_after_lift,28044,True,success,False,442,0
wrist_release_after_lift,28045,True,success,False,460,0
wrist_release_after_lift,28046,True,success,False,462,0
wrist_release_after_lift,28047,True,success,False,493,0
wrist_release_after_lift,28048,True,success,False,591,0
wrist_release_after_lift,28049,True,success,False,448,0
wrist_release_after_lift,28050,True,success,False,464,0
wrist_release_after_lift,28051,True,success,False,463,0
wrist_release_after_lift,28052,True,success,False,475,0
wrist_release_after_lift,28053,True,success,False,466,0
wrist_release_after_lift,28054,True,success,False,470,0
wrist_release_after_lift,28055,True,success,False,468,0
wrist_release_after_lift,28056,True,success,False,451,0
wrist_release_after_lift,28057,True,success,False,466,0
wrist_release_after_lift,28058,True,success,False,470,0
wrist_release_after_lift,28059,True,success,False,484,0
wrist_release_after_lift,28060,False,retry_exhausted,False,637,0
wrist_release_after_lift,28061,True,success,False,455,0
wrist_release_after_lift,28062,True,success,False,524,0
wrist_release_after_lift,28063,True,success,False,478,0
wrist_silenced,28000,False,retry_exhausted,False,721,0
wrist_silenced,28001,False,retry_exhausted,False,721,0
wrist_silenced,28002,False,retry_exhausted,False,721,0
wrist_silenced,28003,False,retry_exhausted,False,721,0
wrist_silenced,28004,False,retry_exhausted,False,721,0
wrist_silenced,28005,False,retry_exhausted,False,721,0
wrist_silenced,28006,False,retry_exhausted,False,721,0
wrist_silenced,28007,False,retry_exhausted,False,721,0
wrist_previous_trained,28000,True,success,False,306,0
wrist_previous_trained,28001,True,success,False,316,0
wrist_previous_trained,28002,True,success,False,466,0
wrist_previous_trained,28003,True,success,False,320,0
wrist_previous_trained,28004,True,success,False,318,0
wrist_previous_trained,28005,True,success,False,474,0
wrist_previous_trained,28006,True,success,False,308,0
wrist_previous_trained,28007,True,success,False,331,0
wrist_previous_trained,28008,True,success,False,308,0
wrist_previous_trained,28009,False,retry_exhausted,False,649,0
wrist_previous_trained,28010,True,success,False,328,0
wrist_previous_trained,28011,True,success,False,347,0
wrist_previous_trained,28012,True,success,False,309,0
wrist_previous_trained,28013,True,success,False,459,0
wrist_previous_trained,28014,True,success,False,340,0
wrist_previous_trained,28015,False,retry_exhausted,False,650,0
wrist_previous_trained,28016,True,success,False,315,0
wrist_previous_trained,28017,True,success,False,329,0
wrist_previous_trained,28018,True,success,False,336,0
wrist_previous_trained,28019,True,success,False,328,0
wrist_previous_trained,28020,True,success,False,484,0
wrist_previous_trained,28021,True,success,False,352,0
wrist_previous_trained,28022,True,success,False,333,0
wrist_previous_trained,28023,True,success,False,313,0
wrist_previous_trained,28024,True,success,False,324,0
wrist_previous_trained,28025,True,success,False,324,0
wrist_previous_trained,28026,True,success,False,325,0
wrist_previous_trained,28027,True,success,False,417,0
wrist_previous_trained,28028,True,success,False,314,0
wrist_previous_trained,28029,False,retry_exhausted,False,644,0
wrist_previous_trained,28030,True,success,False,675,0
wrist_previous_trained,28031,True,success,False,313,0
wrist_previous_trained,28032,True,success,False,338,0
wrist_previous_trained,28033,False,retry_exhausted,False,748,0
wrist_previous_trained,28034,False,retry_exhausted,False,689,0
wrist_previous_trained,28035,True,success,False,299,0
wrist_previous_trained,28036,True,success,False,330,0
wrist_previous_trained,28037,True,success,False,274,0
wrist_previous_trained,28038,True,success,False,472,0
wrist_previous_trained,28039,True,success,False,310,0
wrist_previous_recovery,28040,True,success,False,447,0
wrist_previous_recovery,28041,True,success,False,438,0
wrist_previous_recovery,28042,True,success,False,488,0
wrist_previous_recovery,28043,True,success,False,467,0
wrist_previous_recovery,28044,True,success,False,501,0
wrist_previous_recovery,28045,True,success,False,443,0
wrist_previous_recovery,28046,True,success,False,452,0
wrist_previous_recovery,28047,True,success,False,463,0
wrist_previous_recovery,28048,True,success,False,499,0
wrist_previous_recovery,28049,False,retry_exhausted,False,551,0
wrist_previous_recovery,28050,True,success,False,451,0
wrist_previous_recovery,28051,True,success,False,441,0
wrist_previous_recovery,28052,True,success,False,469,0
wrist_previous_recovery,28053,True,success,False,468,0
wrist_previous_recovery,28054,True,success,False,486,0
wrist_previous_recovery,28055,False,retry_exhausted,False,631,0
wrist_previous_recovery,28056,False,timeout,False,1200,0
wrist_previous_recovery,28057,True,success,False,469,0
wrist_previous_recovery,28058,False,retry_exhausted,False,647,0
wrist_previous_recovery,28059,True,success,False,747,0
wrist_previous_recovery,28060,True,success,False,460,0
wrist_previous_recovery,28061,True,success,False,443,0
wrist_previous_recovery,28062,True,success,False,466,0
wrist_previous_recovery,28063,True,success,False,461,0
wrist_transport_release,28080,False,retry_exhausted,False,633,0
wrist_transport_release,28081,False,retry_exhausted,False,657,0
wrist_transport_release,28082,False,retry_exhausted,False,654,0
wrist_transport_release,28083,True,success,False,494,0
wrist_transport_release,28084,False,retry_exhausted,False,668,0
wrist_transport_release,28085,True,success,False,557,0
wrist_transport_release,28086,True,success,False,507,0
wrist_transport_release,28087,False,retry_exhausted,False,654,0
wrist_pregrasp_push,28100,False,unsafe,True,427,0
wrist_pregrasp_push,28101,True,success,False,300,0
wrist_pregrasp_push,28102,True,success,False,310,0
wrist_pregrasp_push,28103,True,success,False,297,0
wrist_pregrasp_push,28104,True,success,False,324,0
wrist_pregrasp_push,28105,True,success,False,304,0
wrist_pregrasp_push,28106,True,success,False,334,0
wrist_pregrasp_push,28107,True,success,False,291,0
